Cruise Line,HQ Country,Latitude,Longitude
Carnival,USA,25.7617,-80.1918
Royal Caribbean,USA,25.7830,-80.1840
Princess Cruises,USA,34.4208,-118.5910
Costa Cruises,Italy,44.4056,8.9463
P&O Cruises,UK,50.9097,-1.4044
MSC Cruises,Switzerland,46.2044,6.1432
Celebrity Cruises,USA,25.7743,-80.1850
Azamara,USA,25.7700,-80.1900
Star Cruises,Hong Kong,22.2988,114.1722
Crystal Cruises,USA,25.7800,-80.1800
Cunard,UK,50.9000,-1.4000
Regent Seven Seas,USA,25.7600,-80.1900
Silversea,Monaco,43.7384,7.4246
Seabourn,USA,33.7200,-118.1900
Windstar,USA,25.7900,-80.1700
Holland America,USA,47.6062,-122.3321
Disney Cruise Line,USA,28.3852,-81.5639
Norwegian,USA,25.7617,-80.1917
Oceania,USA,25.7700,-80.1900
Orient,USA,25.7800,-80.1800